identifier,title,year,description,url,notes,query
AboutBan1935,About Bananas,1935,Complete presentation of the banana industry from the clearing of the jungle and the planting to the shipment of the fruit to the American markets.,https://archive.org/details/AboutBan1935,,watching OR observation OR spying OR surveillance
HealthYo1953,Health: Your Posture,1953,Young girl's mirror image teaches her fundamentals of good posture.,https://archive.org/details/HealthYo1953,,television OR broadcast OR radio OR telephone
FromtheG1954,From the Ground Up,1954,"Promotional film for ""Nutrilite,"" a 1950s-vintage food supplement.",https://archive.org/details/FromtheG1954,,privacy OR private OR secret OR diary
EatforHe1954,Eat for Health,1954,"Ralph learns the five food groups, helping him to eat a balanced diet, and has more fun because of his better health.",https://archive.org/details/EatforHe1954,,television OR broadcast OR radio OR telephone
Usingthe1947,Using the Bank,1947,Banking services and procedures in the pre-computer era.,https://archive.org/details/Usingthe1947,,"auction OR ""stock market"" OR trading OR money OR bank"
HaveITol1958,Have I Told You Lately That I Love You?,1958,Imaginative film showing how automatic gadgets in homes and workplaces alienate people from one another.,https://archive.org/details/HaveITol1958,,privacy OR private OR secret OR diary
CaseofSp1940,"Case of Spring Fever, A",1940,"Gilbert Willoughby is punished for voicing Luddite ideas (complaining about pesky springs) by ""Coily,"" an obnoxious, animated spring who subjects him to the hassles of a springless world.",https://archive.org/details/CaseofSp1940,,"telepathy OR hypnosis OR ""mind reading"" OR psychology OR brain"
SpotNews1937,Spot News,1937,"Dramatization of how photographs are transmitted by wire, an exciting new technology in the 1930s.",https://archive.org/details/SpotNews1937,,television OR broadcast OR radio OR telephone
GoodEati1951,Good Eating Habits,1951,"Drama focusing on gluttony and ""hidden hunger,"" where well-nourished people eat poorly and malnourish themselves.",https://archive.org/details/GoodEati1951,,"auction OR ""stock market"" OR trading OR money OR bank"
DuckandC1951,Duck and Cover,1951,"Selected for the 2004 National Film Registry of ""culturally, historically and aesthetically significant"" motion pictures. Famous Civil Defense film for children in which Bert the Turtle shows what to do in case of atomic attack.",https://archive.org/details/DuckandC1951,,television OR broadcast OR radio OR telephone
GeneralH1928,General Health Habits,1928,"Personal hygiene, 1920s-style.",https://archive.org/details/GeneralH1928,,dream OR dreams OR sleep OR subconscious
Experime1940,Experiments in the Revival of Organisms,1940,"This disturbing film records the successful experiments in the resuscitation of life to dead animals (dogs), as conducted by Dr. S.S. Bryukhonenko at the Institute of Experimental Physiology and Therapy, Voronezh, U.S.S.R. Director: D.I. Yashin. Camera: E.V. Kashina. Narrator: Professor Walter B. Cannon. Introduced by Professor J.B.S. Haldane.",https://archive.org/details/Experime1940,,"telepathy OR hypnosis OR ""mind reading"" OR psychology OR brain"
TimeSave1936,Time Savers for House Makers,1936,Screen ad for instant laundry starch.,https://archive.org/details/TimeSave1936,,watching OR observation OR spying OR surveillance
hindenberg_explodes,Hindenburg Explodes,1937,Footage from Castle and Pathé coverage of the Hindenburg disaster at Lakehurst. Also shots of the big ships over New York.,https://archive.org/details/hindenberg_explodes,,
MakeMine1948,Make Mine Freedom,1948,This Cold War-era cartoon uses humor to tout the dangers of Communism and the benefits of capitalism.,https://archive.org/details/MakeMine1948,,privacy OR private OR secret OR diary
boys_beware,Boys Beware,1961,"Anti-homosexual film targeted at teenage boys, urging them to avoid encounters with potential molesters.",https://archive.org/details/boys_beware,,future OR tomorrow OR prediction OR progress
DontBeaS1947,Don't Be a Sucker,1947,"Admonishes Americans that they will lose their country if they let fanaticism and hatred turn them into ""suckers."" ""Let's forget about 'we' and 'they' -- let's think about us!"" In the context of the emerging Cold War, this film appears paradoxical.",https://archive.org/details/DontBeaS1947,,privacy OR private OR secret OR diary
AsBoysGr1957,As Boys Grow,1957,"Sex education film aimed at teenage boys, with the coach as authority figure and teacher.",https://archive.org/details/AsBoysGr1957,,"telepathy OR hypnosis OR ""mind reading"" OR psychology OR brain"
Designfo1956,Design for Dreaming,1956,"Set at the 1956 General Motors Motorama, this is one of the key Populuxe films of the 1950s, showing futuristic dream cars and Frigidaire's ""Kitchen of the Future.""",https://archive.org/details/Designfo1956,,future OR tomorrow OR prediction OR progress
MyJapan1945,My Japan,1945,Complex and disturbing anti-Japanese propaganda film produced to spur the sale of U.S. war bonds. CONTENT ADVISORY: Explicit racism and extreme violence.,https://archive.org/details/MyJapan1945,,"telepathy OR hypnosis OR ""mind reading"" OR psychology OR brain"
Sniffles1955,Sniffles and Sneezes,1955,Children as carriers and victims of infections.,https://archive.org/details/Sniffles1955,,television OR broadcast OR radio OR telephone
HowtoGoP1954,How to Go Places,1954,Actress Gale Storm and family take a road trip in their Chevrolet and review the do's and don'ts of auto traveling.,https://archive.org/details/HowtoGoP1954,,television OR broadcast OR radio OR telephone
SanFrancisco1955CinemascopeFilm,San Francisco (1955 Cinemascope film),,Cinemascope homage to the city of San Francisco made by amateur filmmaker and inventor Tullio Pellegrini.,https://archive.org/details/SanFrancisco1955CinemascopeFilm,,invention OR ideas OR creativity OR inventor
ClassicT1948,Classic Television Commercials (Part I),1948,Collection of TV commercials significant to the history and development of TV as an advertising medium.,https://archive.org/details/ClassicT1948,,privacy OR private OR secret OR diary
RideforC1937,"Ride for Cinderella, A",1937,Cinderella relies on a Chevrolet to carry her home by midnight through obstacles and storms.,https://archive.org/details/RideforC1937,,
Televisi1960,Television Commercials (1950s-1960s),1950,Examples of broadcast advertising from the 1950s and 1960s.,https://archive.org/details/Televisi1960,,invention OR ideas OR creativity OR inventor
GoingPla1948,Going Places,1948,Cold War cartoon defending the profit motive against anti-capitalist critics.,https://archive.org/details/GoingPla1948,,"auction OR ""stock market"" OR trading OR money OR bank"
babies_and_breadwinners_2,Babies and Breadwinners (Part II),,"Presented by: U.S. Department of Health, Education and Welfare, Public Health Service and Bureau State Services. Produced by the Communicable Disease Center in cooperation with the Georgia Department of Public Health and the Muscogee Health Department. 0647 PA8739 Babies and Breadwinners",https://archive.org/details/babies_and_breadwinners_2,,television OR broadcast OR radio OR telephone
Automoti1940,Automotive Service,1940,Opportunities for employment servicing America's vast motor fleet.,https://archive.org/details/Automoti1940,,salesman OR selling OR persuasion
Achievem1955,Achievement USA,1955,"General Motors celebrates production of 50 millionth automobile with a parade through Flint, Michigan.",https://archive.org/details/Achievem1955,,television OR broadcast OR radio OR telephone
always_on_call,Always On Call,,"Story by Kensiger Jones, directed by John Kennedy. Produced by Premiere Hardcastle, St. Louis. 0551 PA8484 Always On Call 033.10;",https://archive.org/details/always_on_call,,audience OR parade OR spectators
0872_Angels_Flight_05_32_34_00,Angels Flight,,"Bunker Hill, LA - ""waiting to be leveled, to make way for a new world of concrete steel and glass"" Shows old homes on Bunker Hill, destruction and reconstruction",https://archive.org/details/0872_Angels_Flight_05_32_34_00,,future OR tomorrow OR prediction OR progress
PrivateL1947,Private Life of a Cat,1947,Alexander Hammid's intimate study of a female cat and the birth and maturation of her five kittens.,https://archive.org/details/PrivateL1947,,privacy OR private OR secret OR diary
Japanese1943,Japanese Relocation,1943,U.S. government-produced film defending the World War II internment of Japanese American citizens.,https://archive.org/details/Japanese1943,,privacy OR private OR secret OR diary
AtomBomb1946,Atom Bomb [Joe Bonica's Movie of the Month],1955,Early atomic weapons testing.,https://archive.org/details/AtomBomb1946,,privacy OR private OR secret OR diary
DayofTha1951,"Day of Thanksgiving, A",1951,"An American family unable to afford a Thanksgiving turkey reviews the things for which they feel thankful. This patriotic film is unusual in that it does not link freedom and happiness with the pursuit of wealth. Produced with nonprofessional actors in Lawrence, Kansas. Written by Margaret Carlile (Trudy) Travis.",https://archive.org/details/DayofTha1951,,privacy OR private OR secret OR diary
panorama_ephemera2004,Panorama Ephemera,2004,"PANORAMA EPHEMERA (2004, 89:35 min., color and black and white) is a collage of sequences drawn from a wide variety of ephemeral (industrial, advertising, educational and amateur) films, touring the conflicted landscapes of twentieth-century America. The films' often-skewed visions construct an American history filled with horror and hope, unreeling in familiar and unexpected ways. PANORAMA EPHEMERA focuses on familiar and mythical activities and images in America (1626-1978). Many creatures and",https://archive.org/details/panorama_ephemera2004,,privacy OR private OR secret OR diary
DateWith1950,"Date With Your Family, A",1950,"Advises children to do whatever is necessary -- even lie -- to achieve harmonious family relations. This portrait of manners among the affluent places a premium on pleasant, unemotional behavior, and contains some interesting do's and don'ts sequences. Key line: ""These boys treat their dad as though they were genuinely glad to see him, as though they really missed him..."" Director: Edward C. Simmel. Cinematography: Harry F. Burrell. Script: Arthur V. Jones. Editor: Miriam Bucher. With Ralph Hodg",https://archive.org/details/DateWith1950,,privacy OR private OR secret OR diary
Despotis1946,Despotism,1946,"Measures how a society ranks on a spectrum stretching from democracy to despotism. Explains how societies and nations can be measured by the degree that power is concentrated and respect for the individual is restricted. Where does your community, state and nation stand on these scales? The companion Encyclopedia Britannica Film ""Democracy"" can be found here.",https://archive.org/details/Despotis1946,,privacy OR private OR secret OR diary
1960_kennedy-nixon_1,1960 Kennedy-Nixon Debate (Part I),1960,A kinescope of the John F Kennedy and Richard M Nixon presidential debate.,https://archive.org/details/1960_kennedy-nixon_1,,privacy OR private OR secret OR diary
HowtoUse1927,How to Use the Dial Phone,1927,Training film for users of the new dial telephones.,https://archive.org/details/HowtoUse1927,,privacy OR private OR secret OR diary
Physical1953,Physical Aspects of Puberty,1953,Animated explanation of primary and secondary sex characteristics in adolescent boys and girls.,https://archive.org/details/Physical1953,,"telepathy OR hypnosis OR ""mind reading"" OR psychology OR brain"
SocialSe1953,Social-Sex Attitudes in Adolescence,1953,"Social-sex development of Bill and Mary and how they came to meet, fall in love and marry.",https://archive.org/details/SocialSe1953,,"telepathy OR hypnosis OR ""mind reading"" OR psychology OR brain"
HowtheEy1941,How the Eye Functions,1941,Beautifully animated explication of human eye and eyesight.,https://archive.org/details/HowtheEy1941,,"telepathy OR hypnosis OR ""mind reading"" OR psychology OR brain"
Century21964,Century 21 Calling,1964,"Romp through the futuristic landscape of the Seattle World's Fair, centered in the Bell System pavilion.",https://archive.org/details/Century21964,,"telepathy OR hypnosis OR ""mind reading"" OR psychology OR brain"
Corvairi1960,"Corvair in Action, The",1960,Promotional film for the controversial Chevrolet Corvair.,https://archive.org/details/Corvairi1960,,"telepathy OR hypnosis OR ""mind reading"" OR psychology OR brain"
stripper_1,Stripper #1,,,https://archive.org/details/stripper_1,,"telepathy OR hypnosis OR ""mind reading"" OR psychology OR brain"
RelaxedW1957,"Relaxed Wife, The",1957,"Remarkable, surreal industrial film promoting ""Atarax,"" a tranquilizer, and asserting how ""ataraxic medicines"" can help us all to achieve the relaxed state we long for. Created by Coni Johnston, Mel London, Joseph Cole, Bert Spielvogel, Tracy Ward (a pseudonym for Virginia Bell) and by Rune Hagman, Delores Phox, Jeanne Sharp, Dick Brophy, M. Opelle, Herb Hagens.",https://archive.org/details/RelaxedW1957,,"telepathy OR hypnosis OR ""mind reading"" OR psychology OR brain"
out_of_this_world,Out of This World,1964,"This 1964 vintage promotional film by Frigidaire, a division of General Motors, presents a visionary glimpse into the future through a blend of futuristic world's fair exhibits and mid-century modern home appliance innovations. Beginning with abstract artistic visuals and futuristic architecture, the film explores themes of space exploration, resource management in Antarctica and the ocean, and advanced infrastructure development. It then transitions to showcasing cutting-edge kitchen and househ",https://archive.org/details/out_of_this_world,,"telepathy OR hypnosis OR ""mind reading"" OR psychology OR brain"
Sleepfor1950,Sleep for Health,1950,"Told from the viewpoint of a child, this film emphasizes that children should train themselves in good sleeping habits. In typical ""Goofus and Gallant"" style, it shows the advantages a well-rested kid has over his poor-sleeping classmate. Dreams are presented as a normal part of sleeping, and there is a funny dream sequence.",https://archive.org/details/Sleepfor1950,,television OR broadcast OR radio OR telephone
bacteria_friend_and_foe,Bacteria: Friend and Foe,,"Produced by Encyclopedia Britannica Films, Inc., in collaboration with Stewart A. Koser, Ph.D, Department of Bacteriology and Parasitology, the University of Chicago, Warren Everote, Producer. 0595 PA8087 Bacteria: Friend and Foe",https://archive.org/details/bacteria_friend_and_foe,,television OR broadcast OR radio OR telephone
GoldenYe1960,"Golden Years, The",1960,"Bowling made respectable and appealing to middle-class Americans through modernization and ""Populuxe"" design.",https://archive.org/details/GoldenYe1960,,future OR tomorrow OR prediction OR progress
GoodTabl1951,Good Table Manners,1951,"A bad-mannered 14-year-old meets himself as a young man of 21, and learns the fundamentals of good table manners.",https://archive.org/details/GoodTabl1951,,"popularity OR conformity OR manners OR ""fitting in"""
CindyGoe1955,Cindy Goes to a Party,1955,"Cindy, a tomboy unsure of her social status, dreams of a party where her fairy godmother gives her etiquette lessons, and wakes up to receive her very own invitation. Filmed in Lawrence, Kansas.",https://archive.org/details/CindyGoe1955,,"popularity OR conformity OR manners OR ""fitting in"""
ShyGuy1947,Shy Guy,1947,"Phil (Dick York), new in his high school, follows his father's suggestion and observes the most popular students to determine what makes them popular. By offering to help others he becomes popular himself and sheds his shyness.",https://archive.org/details/ShyGuy1947,,"popularity OR conformity OR manners OR ""fitting in"""
HabitPat1954,Habit Patterns,1954,"""Goofus and Gallant""-style film on the misadventures of a teenage girl who is a victim of her own bad habits, with a harrowing and patronizing narration.",https://archive.org/details/HabitPat1954,,"popularity OR conformity OR manners OR ""fitting in"""
BrinkofD1972,Brink of Disaster (Part I),1972,"How 1960s activism ""threatens"" American moral, religious and ethical principles.",https://archive.org/details/BrinkofD1972,,"popularity OR conformity OR manners OR ""fitting in"""
Everyday1948,Everyday Courtesy,1948,"Courtesy in connection with invitations, telephone conversations, introductions and entertaining guests.",https://archive.org/details/Everyday1948,,"popularity OR conformity OR manners OR ""fitting in"""
WhatAbou1959,What About Prejudice?,1959,Pioneering film that encourages youth to look into themselves for the causes of prejudice.,https://archive.org/details/WhatAbou1959,,"popularity OR conformity OR manners OR ""fitting in"""
Maintain1947,Maintaining Classroom Discipline,1947,Good and bad methods of disciplining inappropriate classsroom behavior.,https://archive.org/details/Maintain1947,,"popularity OR conformity OR manners OR ""fitting in"""
FreedomH1956,Freedom Highway (Part I),1956,"A Greyhound bus transports us through the landscape of American mythology. Directed by Harold Schuster. Director of Photography: Jerry Fairbanks. Screenplay: Charles L. Tedford, Leo S. Rosencrans. Film Editor: Milton Kleinberg. Art Director: Theobold Holsopple. Production Supervisor: John McKennon. Musical Supervision: Edward Paul. Assistant Director: Robert Scrivner. With Marshall Thompson (Mysterious Stranger); Tommy Kirk (Jimmy Rollins); Morris Ankrum (Fred Schroder); Angie Dickinson (Mary); ",https://archive.org/details/FreedomH1956,,"popularity OR conformity OR manners OR ""fitting in"""
naturally_a_girl,Naturally - a Girl,1973,"Uses vignettes, animation and comments by girls and boys to explore the medical facts and some personal feelings about menstruation.",https://archive.org/details/naturally_a_girl,,invention OR ideas OR creativity OR inventor
OneGotFa1963,One Got Fat: Bicycle Safety,1963,"A group of children, all wearing ape masks, rides their bicycles to the park for a picnic. Along the way, all but one are eliminated for violating basic bike safety rules. This strange film was narrated by Edward Everett Horton. Script and Direction: Dale Jennings. Photography: Max Hutto. Art Direction: Ralph Hulett. With Dick Hutto, Janice Powell, Lucie Hagens, Ralph Hulett, Clyde L. Johnson, Dave Hembree, Colleen Hutto, Charles Hagens, Kevin Lindsay, Dan Whitehead, Don Moody, Diane Chambers, S",https://archive.org/details/OneGotFa1963,,memory OR remembering OR forgetting
Communis1952,Communism,1952,Educational film on the Cold War conflict.,https://archive.org/details/Communis1952,,memory OR remembering OR forgetting
MalibuMermai,Malibu Mermaid,,Mild stag film starring Adele Doleman,https://archive.org/details/MalibuMermai,,memory OR remembering OR forgetting
tmp_50168,San Francisco Earthquake footage,,,https://archive.org/details/tmp_50168,,memory OR remembering OR forgetting
Miracleo1955,Miracle on the Delaware,1955,"Mid-Fifties slices of life and landscape in Philadelphia and surrounding towns. With excellent color footage of downtown scenes, neighborhoods, the Mummers Parade, Levittown, factories in Camden, New Jersey, and many other subjects that can no longer be seen. Producer and Director: Cal Jones. Cinematographer: Ralph Lopatin. Writer and Narrator: Dick McCutchen.",https://archive.org/details/Miracleo1955,,memory OR remembering OR forgetting
YourName1960,Your Name Here,1960,"The ultimate generic industrial film, built around every script and visual cliche.",https://archive.org/details/YourName1960,,memory OR remembering OR forgetting
17DaysTh1945,17 Days: The Story of Newspaper History in the Making,1945,How a New York City newspaper delivery drivers' strike in 1945 failed to divert readers' interest in their favorite newspapers. Shows the newspapers of the day and huge lines of people outside newspaper offices waiting to purchase updated editions. In Kodachrome.,https://archive.org/details/17DaysTh1945,,memory OR remembering OR forgetting
right_to_health_1,"Right to Health, A (Part I)",,"A Right to Health, Neighborhood Health Centers in Profile. A Production of Professional Arts, Inc. in San Mateo, CA for the Office of Health Affairs and Office of Economic Opportunity. Directed and Produced by David W. Parker, PhD, Written by Parker and William J. Bicknell, M.D., shot and edited by Peter P. Drowne, narrated by Earle Marsh, M.D. 0726 PA8850 Right to Health, A",https://archive.org/details/right_to_health_1,,"auction OR ""stock market"" OR trading OR money OR bank"
CherryKnight,Cherry Knight,,,https://archive.org/details/CherryKnight,,"auction OR ""stock market"" OR trading OR money OR bank"
ParkCons1938,Park Conscious,1938,Elegy to recreation and relaxation in state and national parks.,https://archive.org/details/ParkCons1938,,alone OR solitude OR lonely OR quiet
Preventi1940,Preventing the Spread of Disease,1940,Health film using unusual imagery and metaphors to impart lessons in hygiene.,https://archive.org/details/Preventi1940,,alone OR solitude OR lonely OR quiet
stripper_variety_girls,Stripper - Variety Girls,,,https://archive.org/details/stripper_variety_girls,,alone OR solitude OR lonely OR quiet
Exercise1949,Exercise and Health,1949,How exercise will make you healthy and popular.,https://archive.org/details/Exercise1949,,dream OR dreams OR sleep OR subconscious
ForHealt1941,For Health and Happiness,1941,"Lively children illustrate the results of good nutrition, affection, and intelligent care.",https://archive.org/details/ForHealt1941,,salesman OR selling OR persuasion
WhyPlayL1949,Why Play Leap Frog?,1949,Cold War-era cartoon aimed at convincing workers that increased productivity brings about greater purchasing power.,https://archive.org/details/WhyPlayL1949,,salesman OR selling OR persuasion
4050_What_Makes_Us_Tick_02_01_18_19,What Makes Us Tick,1952,"The animated film explores the life of a typical American family, focusing on John Q Public, who manages his finances through investments and savings. It details how John Q's investments in stocks and bonds contribute to the growth of American industry, using the example of an oil drum manufacturing corporation seeking to expand. The process of forming a corporation, raising capital through stock sales, and the importance of the New York Stock Exchange in facilitating these transactions are expl",https://archive.org/details/4050_What_Makes_Us_Tick_02_01_18_19,,salesman OR selling OR persuasion
isforAto1953,A is for Atom,1953,"Animated classic presenting what an atom is, how energy is released from certain kinds of atoms, the peacetime uses of atomic energy and the byproducts of nuclear fission.",https://archive.org/details/isforAto1953,,"automation OR computer OR ""electronic brain"" OR robot"
Countdow1960,[Countdown Leader: Technicolor Corporation],1960,Countdown leader.,https://archive.org/details/Countdow1960,,"automation OR computer OR ""electronic brain"" OR robot"
middleton_family_worlds_fair_1939,The Middleton Family at the New York World's Fair,1939,"1939, sound, 55 min, Technicolor, 35mm. Transferred from a 35mm nitrate print. See: Andrew Wood, ""The Middleton Family at the New York World's Fair,"" http://www.sjsu.edu/faculty/wooda/middleton/index1.html. This drama illustrates the contribution of free enterprise, technology, and Westinghouse products to the American way of life. The Middleton Family at the New York World's Fair pits an anti-capitalist bohemian artist boyfriend against an all-American electrical engineer who believes in improv",https://archive.org/details/middleton_family_worlds_fair_1939,,"automation OR computer OR ""electronic brain"" OR robot"
Operatio1955,Operation Cue (1955),1955,Eerie nuclear tests on houses and dummies at the Nevada Test Site.,https://archive.org/details/Operatio1955,,"automation OR computer OR ""electronic brain"" OR robot"
JoanAvoi1947,Joan Avoids a Cold,1947,How young children must behave to avoid transmitting germs to one another.,https://archive.org/details/JoanAvoi1947,,"""world of tomorrow"" OR ""city of the future"" OR exposition OR fair"
DatingDo1949,Dating: Do's and Don'ts,1949,"Classic instructional film for teen daters, presented here in the rare (but incomplete) Kodachrome version.",https://archive.org/details/DatingDo1949,,"""world of tomorrow"" OR ""city of the future"" OR exposition OR fair"
OutofThi1954,Out of This World,1954,"Sales training film for duPont Film Division (cellophane), featuring an angel and devil monitoring the activities of bakery salesmen on earth, and explaining how packaging helps to sell food. In Kodachrome.",https://archive.org/details/OutofThi1954,,"supermarket OR ""department store"" OR grocery OR ""shopping center"""
TripDown1905,"[Trip Down Market Street Before the Fire, A]",1906,"PLEASE NOTE: A much higher-quality DV version (2.3 GB) now available at http://www.archive.org/details/TripDownMarketStreetrBeforeTheFire Pictures San Francisco's main thoroughfare as seen from the front window of a moving Market Street cable car, before the downtown area was destroyed in the 1906 earthquake and fire. This unusual record has been called the first ""structural film"" because it follows exactly the externally imposed structure of the car ride. Here is a post from the SFGate blog tha",https://archive.org/details/TripDown1905,,"supermarket OR ""department store"" OR grocery OR ""shopping center"""
skateboard_sense,Skateboard Sense,,Safety film about the (then) new hobby of skateboarding. Produced by Sid Davis.,https://archive.org/details/skateboard_sense,,"supermarket OR ""department store"" OR grocery OR ""shopping center"""
DetroitC1965,Detroit: City on the Move,1965,"Promotional film made for the City of Detroit, an unsuccessful bidder for the Olympic Games. With views of city highways, automobile manufacturing, a diverse population, and social activities, all shot prior to the city's economic decline.",https://archive.org/details/DetroitC1965,,"supermarket OR ""department store"" OR grocery OR ""shopping center"""
PA100018,"Home Movie: PA100018: Beany's Drive-In, Long Beach, Calif., ca. 1952",,"Activities at the newly opened Beany's drive-through fast food restaurant, Long Beach, California, 1952 or 1953.",https://archive.org/details/PA100018,,"supermarket OR ""department store"" OR grocery OR ""shopping center"""
Chickeno1948,"Chicken of Tomorrow, The",1948,How scientific agriculture changes the life and taste of the chicken.,https://archive.org/details/Chickeno1948,,"supermarket OR ""department store"" OR grocery OR ""shopping center"""
stripper_georgia_sothern,Stripper - Georgia Sothern,,,https://archive.org/details/stripper_georgia_sothern,,"supermarket OR ""department store"" OR grocery OR ""shopping center"""
American1958_2,American Look (Part II),1958,"The definitive Populuxe film on 1950s automotive, industrial, interior and architectural design.",https://archive.org/details/American1958_2,,"supermarket OR ""department store"" OR grocery OR ""shopping center"""
DrugAddi1951,Drug Addiction,1951,"Classic ""slippery slope"" narrative of post-World War II stoned slackerdom.",https://archive.org/details/DrugAddi1951,,"supermarket OR ""department store"" OR grocery OR ""shopping center"""
FolgersCoffe,Folgers Coffee Commercial,1960,Folgers Coffee TV Commercial,https://archive.org/details/FolgersCoffe,,"supermarket OR ""department store"" OR grocery OR ""shopping center"""
girls_beware,Girls Beware,1961,"Like its precursor Name Unknown (1951), Girls Beware is a trilogy of tragedies brought about by teenage girls' attempts at independent behavior. Covers do's and don'ts in the babysitting situation. Develops the problem of the 'PICK UP' and the girls who go with boys that are too old.",https://archive.org/details/girls_beware,,"supermarket OR ""department store"" OR grocery OR ""shopping center"""
Careofth1949,Care of the Skin,1949,Structure of the skin; good cleanliness habits; the proper way to wash; the correct use of soap.,https://archive.org/details/Careofth1949,,"etiquette OR ""good manners"" OR courtesy OR habits"
WartimeN1943,Wartime Nutrition,1943,Wartime work of public welfare agencies in the field of nutrition.,https://archive.org/details/WartimeN1943,,"etiquette OR ""good manners"" OR courtesy OR habits"
HowtoBeW1949,How to Be Well Groomed,1949,Siblings Don and Sue show how they keep themselves well groomed throughout the school week and for their Friday night dates.,https://archive.org/details/HowtoBeW1949,,"etiquette OR ""good manners"" OR courtesy OR habits"
Foundati1951,Foundation Foods,1951,,https://archive.org/details/Foundati1951,,"etiquette OR ""good manners"" OR courtesy OR habits"
2349B_San_Francisco_Earthquake_Ruined_Buildings_00_06_04_19,[San Francisco Earthquake: Ruined Buildings],1906,"San Francisco earthquake, 1906: Short pan of ruined buildings. Earthquake-Falling Buildings",https://archive.org/details/2349B_San_Francisco_Earthquake_Ruined_Buildings_00_06_04_19,,thought OR thinking OR mind
ATripDownMarketStreet_HD,A Trip Down Market Street Before the Fire (uncompressed HD version),1906,This is an uncompressed HD version of the famous film. Not all machines and players can successfully play this film. It is suggested that you determine compatibility before attempting this massive download. A high-quality (DV25) version that may be easier to work with is located here: http://www.archive.org/details/TripDownMarketStreetrBeforeTheFire This file was made by SpyPost in San Francisco in fall 2010 from a new 35mm print made from a new duplicate negative made by Film Technology Company,https://archive.org/details/ATripDownMarketStreet_HD,,thought OR thinking OR mind
MarketStreet19064KScan20181016,"A Trip Down Market Street Before the Fire (4K scan, 2018-10-11)",1906,"This is a scan of 35mm material held by Prelinger Archives, San Francisco and thought to be an original 1906 print. It was scanned by Adrianne Finelli at Internet Archive on October 11, 2018 using IA's Lasergraphics ScanStation scanner set at 5120 x 3840 and scanned to 16fps. Due to Final Cut Pro limitations, this full-width scan is 4096 x 3072 pixels wide and every second frame is doubled for a playback framerate of 24fps. Archives frequently make full-width scans to show information between th",https://archive.org/details/MarketStreet19064KScan20181016,,thought OR thinking OR mind
SanFranc1906_2,"San Francisco Earthquake Aftermath, Part 2",1906,Views of destruction taken from a vehicle moving east down Market Street.,https://archive.org/details/SanFranc1906_2,,thought OR thinking OR mind
gamblers_choice_1906,"Gambler's Choice, A",1906,,https://archive.org/details/gamblers_choice_1906,,thought OR thinking OR mind
TripDownMarketStreetrBeforeTheFire,"Trip Down Market Street Before the Fire, A (DV25 version)",1906,"DV25 version (editable quality) of the famous film. Feel free to reedit/recombine/remix. Please consider uploading your derivative works to Internet Archive. This version was transferred from a new 35mm print made from a restored 35mm negative, which was made from our 1906-era 35mm print. The frameroll problem seen in other versions has been fixed.",https://archive.org/details/TripDownMarketStreetrBeforeTheFire,,thought OR thinking OR mind
0989_Gamblers_Choice_A_01_49_12_11,"Gambler's Choice, A",1909,"1909 nickelodeon drama. This is an old Gaumont film about William Sheep, Gambler. Chess pieces move around the board autonomously in a dream sequence.",https://archive.org/details/0989_Gamblers_Choice_A_01_49_12_11,,thought OR thinking OR mind
0780_Panama_Canal_14_52_26_00,[Panama Canal],1912,"Panama Canal: Ship on the Atlantic Ocean side of the canal / ship coming through the channel / the first (lower) lock seen from the Atlantic side / gates open / views of the canal, train system for hauling ships through / Gatun Bay on the western side / ship completed journey in 10 hours / steam shovels constantly working.Views of the finished Panama CanalPanoramic views of the CanalOne of the 16-inch guns raising into position, with a range of 21 miles, firing a 2,400 lb. armor-piercing shellGu",https://archive.org/details/0780_Panama_Canal_14_52_26_00,,thought OR thinking OR mind
4055_Gould_Can_5435-2_Panama_Canal,[Panama Canal],1912,"Narration describes the construction of and history behind the Panama Canal. Footage primarily of trains, construction machinery and workers. Includes Gatun Dam.",https://archive.org/details/4055_Gould_Can_5435-2_Panama_Canal,,thought OR thinking OR mind
KayStins1917,"[Kay Stinson, Aviator]",1917,"Kay Stinson, noted woman aviatrix, breaks the speed record from San Diego to San Francisco with an average speed of 66 mph.",https://archive.org/details/KayStins1917,,dream OR future OR tomorrow
OaklandO1918,[Oakland Oaks Baseball Season Opens],1918,"Baseball season opens in Oakland, California: April 2, 1918; auto parade through downtown streets and pregame warmup.",https://archive.org/details/OaklandO1918,,dream OR future OR tomorrow
0929CrucifixOfDestiny,Crucifix Of Destiny,1920,"Silent film. Paul Drummond is adopted into a Franciscan Mission in California. Becoming of age, he believes he has a call to the priesthood. While at Theological Seminary, he becomes doubtful of his future and on the advice of his old Confessor he decides to become a physician. His roommate at college cherishes a little Crucifix given him by his mother. This Crucifix figures in the drama of events that finally convince Paul that the priesthood is his true calling.",https://archive.org/details/0929CrucifixOfDestiny,,dream OR future OR tomorrow
6007_Trip_to_the_Moon_A_08_38_20_04,"Trip to the Moon, A",1920,animated journey from Earth to Moon,https://archive.org/details/6007_Trip_to_the_Moon_A_08_38_20_04,,dream OR future OR tomorrow
0209_Tribune-American_Dream_Picture_04_19_04_00-0033,Tribune-American Dream Picture,1924,"OAKLAND TRIBUNE DREAM FILM. Tribune-American Dream Picture sponsored by American Theatre and Oakland Tribune which gave a prize for the most unusual dream made into a photoplay. Mrs. L.L. Nicholson of Oakland submitted the winning scenario, about losing her baby and then finding the child after a frantic trip to the Ferry Building in a rowboat.",https://archive.org/details/0209_Tribune-American_Dream_Picture_04_19_04_00-0033,,dream OR future OR tomorrow
TribuneA1924,Tribune-American Dream Picture,1924,"Astonishing film sponsored by a newspaper which held a contest for the most unusual dream and then made it into a short film. A woman dreams of losing her baby, rowing across San Francisco Bay and finding her child in an unusual place.",https://archive.org/details/TribuneA1924,,dream OR future OR tomorrow
97263_hm_kennebago_i,Home Movie: 97263: Kennebago I,1925,"Marked as Kennebago I, 1925",https://archive.org/details/97263_hm_kennebago_i,,dream OR future OR tomorrow
